{
  "chat_bubbles_id": 9,
  "options_id": 9,
  "source": "suitable_claim_type",
  "chat_bubbles": [
    {
      "container": [
        {
          "type": "image",
          "content": "app_logo",
          "style": {
            "width": 24,
            "height": 24
          }
        }
      ]
    },
    {
      "container": [
        {
          "type": "text",
          "content": "Assessment completed! 🙌",
          "style": {
            "color": "#323D4C",
            "fontSize": 16,
            "fontFamily": "SF Pro",
            "fontWeight": "bold",
            "lineHeight": 28,
            "wordWrap": "break-word",
            "marginBottom": 16
          }
        },
        {
          "type": "text",
          "content": "Thanks for your time, {user_name}!",
          "style": {
            "color": "#323D4C",
            "fontSize": 16,
            "fontFamily": "SF Pro",
            "fontWeight": "400",
            "lineHeight": 28,
            "wordWrap": "break-word",
            "marginBottom": 16
          }
        }
      ]
    },

    {
      "container": [
        {
          "type": "text",
          "content": "Reviewing Your Documents for the Right Claim",
          "style": {
            "color": "#323D4C",
            "fontSize": 16,
            "fontFamily": "SF Pro",
            "fontWeight": "bold",
            "lineHeight": 28,
            "wordWrap": "break-word",
            "marginBottom": 16
          }
        },
        {
          "type": "text",
          "content": "We will now review your documents to determine which type of claim is best suited for you.",
          "style": {
            "color": "#323D4C",
            "fontSize": 16,
            "fontFamily": "SF Pro",
            "fontWeight": "400",
            "lineHeight": 28,
            "wordWrap": "break-word",
            "marginBottom": 16
          }
        }
      ]
    },

    {
      "container": [
        {
          "type": "group",
          "content": [
            {
              "type": "text",
              "content": "DD214",
              "updated": "DD214",
              "style": {
                "color": "#323D4C",
                "fontSize": 16,
                "fontFamily": "SF Pro",
                "fontWeight": "400",
                "lineHeight": 28,
                "marginBottom": 8
              }
            },
            {
              "type": "animation",
              "content": "circle-loading",
              "condition": ""
            },
            {
              "type": "loadingImage",
              "content": "green-check",
              "condition": ""
            }
          ]
        },
        {
          "type": "group",
          "content": [
            {
              "type": "text",
              "content": "STRs...",
              "updated": "STRs",
              "style": {
                "color": "#323D4C",
                "fontSize": 16,
                "fontFamily": "SF Pro",
                "fontWeight": "400",
                "lineHeight": 28,
                "marginBottom": 8
              }
            },
            {
              "type": "animation",
              "content": "circle-loading",
              "condition": ""
            },
            {
              "type": "loadingImage",
              "content": "green-check",
              "condition": ""
            }
          ]
        },
        {
          "type": "group",
          "content": [
            {
              "type": "text",
              "content": "Medical Records",
              "updated": "Medical Records", 
              "style": {
                "color": "#323D4C",
                "fontSize": 16,
                "fontFamily": "SF Pro",
                "fontWeight": "400",
                "lineHeight": 28,
                "marginBottom": 8
              }
            },
            {
              "type": "animation",
              "content": "circle-loading",
              "condition": ""
            },
            {
              "type": "loadingImage",
              "content": "green-check",
              "condition": ""
            }
          ]
        },
        {
          "type": "group",
          "content": [
            {
              "type": "text",
              "content": "Previous Claims",
              "updated": "Previous Claims", 
              "style": {
                "color": "#323D4C",
                "fontSize": 16,
                "fontFamily": "SF Pro",
                "fontWeight": "400",
                "lineHeight": 28,
                "marginBottom": 8
              }
            },
            {
              "type": "animation",
              "content": "circle-loading",
              "condition": ""
            },
            {
              "type": "loadingImage",
              "content": "green-check",
              "condition": ""
            }
          ]
        }
      ]
    }
  ],
  "options": [
    {
      "text": "View result"
    }
  ]
}
