{
  "chat_bubbles_id": 5,
  "options_id": 5,
  "chat_bubbles": [
    {
      "container": [
        {
          "type": "image",
          "content": "app_logo",
          "style": {
            "width": 24,
            "height": 24
          }
        }
      ]
    },
    {
      "container": [
        {
          "type": "text",
          "content": "Any other conditions?",
          "style": {
            "color": "#323D4C",
            "fontSize": 16,
            "fontFamily": "SF Pro",
            "fontWeight": "bold",
            "lineHeight": 28,
            "wordWrap": "break-word",
            "marginBottom": 16
          }
        },
        {
          "type": "text",
          "content": "It’s okay if they are not severe.\nAny conditions or symptoms that are troubling you can help us improve your chance.",
          "style": {
            "color": "#323D4C",
            "fontSize": 16,
            "fontFamily": "SF Pro",
            "fontWeight": "400",
            "lineHeight": 28,
            "wordWrap": "break-word",
            "marginBottom": 16
          }
        }
      ]
    }
  ],
  "options": [
    {
      "text": "Add more",
      "next": "add_more_conditions"
    },
    {
      "text": "Not that I can think of",
      "next": "potential_conditions"
    }
  ]
}


