{
    "chat_bubbles_id": 14.1,
    "options_id": 14.1,
    "chat_bubbles": [
      {
        "container": [
          {
            "type": "image",
            "content": "app_logo",
            "style": {
              "width": 24,
              "height": 24
            }
          }
        ]
      },
      {
        "container": [
          {
            "type": "text",
            "content": "Thanks for your interest 😁",
            "style": {
              "color": "#323D4C",
              "fontSize": 16,
              "fontFamily": "SF Pro",
              "fontWeight": "bold",
              "lineHeight": 28,
              "wordWrap": "break-word",
              "marginBottom": 16
            }
          },
          {
            "type": "text",
            "content": "My name is Yoon, and I participated as a software engineer on the Vugle team. Throughout this project, I expanded my skills as a software engineer, particularly in full-stack development.",
            "style": {
              "color": "#323D4C",
              "fontSize": 16,
              "fontFamily": "SF Pro",
              "fontWeight": "400",
              "lineHeight": 28,
              "wordWrap": "break-word",
              "marginBottom": 16
            }
          }
        ]
      },
      {
        "container": [
          {
            "type": "text",
            "content": "Honestly, it was a tough experience due to the short deadline for building this prototype, but I genuinely enjoyed every moment of the development process!",
            "style": {
              "color": "#323D4C",
              "fontSize": 16,
              "fontFamily": "SF Pro",
              "fontWeight": "400",
              "lineHeight": 28,
              "wordWrap": "break-word",
              "marginBottom": 16
            }
          }
        ]
      },
      {
        "container": [
          {
            "type": "text",
            "content": "Though not all features of Vugle are fully developed yet, I truly hope you enjoyed our product, Vugle! You can learn more about me on LinkedIn—let's stay connected :) \nLastly, we thank all active military members and veterans for their dedicated service 🙏",
            "style": {
              "color": "#323D4C",
              "fontSize": 16,
              "fontFamily": "SF Pro",
              "fontWeight": "400",
              "lineHeight": 28,
              "wordWrap": "break-word",
              "marginBottom": 16
            }
          }
        ]
      }
    ],
    "options": [
      {
        "text": "LinkedIn Link",
        "next": "linkedIn_link"
      },
      {
        "text": "Go back to main page",
        "next": "main_page"
      }

    ]
  }
  