{
    "chat_bubbles_id": 14.2,
    "options_id": 14.2,
    "chat_bubbles": [
      {
        "container": [
          {
            "type": "image",
            "content": "app_logo",
            "style": {
              "width": 24,
              "height": 24
            }
          }
        ]
      },
      {
        "container": [
          {
            "type": "text",
            "content": "Below is my LinkedIn url!",
            "style": {
              "color": "#323D4C",
              "fontSize": 16,
              "fontFamily": "SF Pro",
              "fontWeight": "bold",
              "lineHeight": 28,
              "wordWrap": "break-word",
              "marginBottom": 16
            }
          },
          {
            "type": "text",
            "content": "Thanks again for your interest! 😊",
            "style": {
              "color": "#323D4C",
              "fontSize": 16,
              "fontFamily": "SF Pro",
              "fontWeight": "400",
              "lineHeight": 28,
              "wordWrap": "break-word",
              "marginBottom": 16
            }
          },
          {
            "type": "link",
            "content": "https://www.linkedin.com/in/yoon-lee-5492asd",
            "url": "https://www.linkedin.com/in/yoon-lee-5492asd",
            "style": {
              "color": "#3182F6",
              "textDecorationLine": "underline",
              "marginBottom": 0
            }
          }
        ]
      }
    ],
    "options": [
      {
        "text": "Go back to main page",
        "next": "main_page"
      }
    ]
  }
  