{
  "chat_bubbles_id": 11,
  "options_id": 11,
  "chat_bubbles": [
    {
      "container": [
        {
          "type": "image",
          "content": "app_logo",
          "style": {
            "width": 24,
            "height": 24
          }
        }
      ]
    },
    {
      "container": [
        {
          "type": "text",
          "content": "Have you been to any private clinics?",
          "style": {
            "color": "#323D4C",
            "fontSize": 16,
            "fontFamily": "SF Pro",
            "fontWeight": "bold",
            "lineHeight": 28,
            "wordWrap": "break-word",
            "marginBottom": 16
          }
        },
        {
          "type": "text",
          "content": "We couldn’t find any VA medical records about your conditions. Have you attended any private clinics for your condition?",
          "style": {
            "color": "#323D4C",
            "fontSize": 16,
            "fontFamily": "SF Pro",
            "fontWeight": "400",
            "lineHeight": 28,
            "wordWrap": "break-word",
            "marginBottom": 16
          }
        }
      ]
    }
  ],
  "options": [
    {
      "text": "Yes, I have",
      "next": "doctors_appointment"
    },
    {
      "text": "No, I haven't",
      "next": "doctors_appointment"
    }
  ]
}
