{
    "chat_bubbles_id": 3.1,
    "options_id": 3.1,
    "chat_bubbles": [
      {
        "container": [
          {
            "type": "image",
            "content": "app_logo",
            "style": {
              "width": 24,
              "height": 24
            }
          }
        ]
      },
      {
        "container": [
          {
            "type": "text",
            "content": "Not a problem!",
            "style": {
              "color": "#323D4C",
              "fontSize": 16,
              "fontFamily": "SF Pro",
              "fontWeight": "bold",
              "lineHeight": 28,
              "wordWrap": "break-word",
              "marginBottom": 16
            }
          },
          {
            "type": "text",
            "content": "We can still process evaluating the best approach for your application!",
            "style": {
              "color": "#323D4C",
              "fontSize": 16,
              "fontFamily": "SF Pro",
              "fontWeight": "400",
              "lineHeight": 28,
              "wordWrap": "break-word",
              "marginBottom": 16
            }
          }
        ]
      },
      {
        "container": [
          {
            "type": "text",
            "content": "Choose your claim",
            "style": {
              "color": "#323D4C",
              "fontSize": 16,
              "fontFamily": "SF Pro",
              "fontWeight": "bold",
              "lineHeight": 28,
              "wordWrap": "break-word",
              "marginBottom": 8
            }
          },
          {
            "type": "text",
            "content": "Are you looking for claim a new condition or existing condition?",
            "style": {
              "color": "#323D4C",
              "fontSize": 16,
              "fontFamily": "SF Pro",
              "fontWeight": "400",
              "lineHeight": 28,
              "wordWrap": "break-word",
              "marginBottom": 16
            }
          }
        ]
      }
    ],
    "options": [
      {
        "text": "New condition",
        "next": "new_condition"
      },
      {
        "text": "Existing condition",
        "next": "new_condition"
      },
      {
        "text": "Both",
        "next": "new_condition"
      }
    ]
  }
  