{
  "chat_bubbles_id": 7,
  "options_id": 7,
  "chat_bubbles": [
    {
      "container": [
        {
          "type": "image",
          "content": "app_logo",
          "style": {
            "width": 24,
            "height": 24
          }
        }
      ]
    },
    {
      "container": [
        {
          "type": "text",
          "content": "Basic assessment 📄",
          "style": {
            "color": "#323D4C",
            "fontSize": 16,
            "fontFamily": "SF Pro",
            "fontWeight": "bold",
            "lineHeight": 28,
            "wordWrap": "break-word",
            "marginBottom": 16
          }
        },
        {
          "type": "text",
          "content": "Thanks {user_name}. Now we will ask a few questions that will help us understand your conditions better.",
          "style": {
            "color": "#323D4C",
            "fontSize": 16,
            "fontFamily": "SF Pro",
            "fontWeight": "400",
            "lineHeight": 28,
            "wordWrap": "break-word",
            "marginBottom": 16
          }
        }
      ]
    },
    {
      "container": [
        {
            "type": "text",
            "content": "How long has your knee pain been troubling you?",
            "style": {
              "color": "#323D4C",
              "fontSize": 16,
              "fontFamily": "SF Pro",
              "fontWeight": "bold",
              "lineHeight": 28,
              "wordWrap": "break-word",
              "marginBottom": 16
            }
          }
      ]
    }
  ],
  "options": [
    {
      "text": "TYPE",
      "inputType": "painDuration",
      "next": "pain_severity"
    }
  ]
}
