{
  "chat_bubbles": [
    {
      "container": [
        {
          "type": "group",
          "content": [
            {
              "type": "text",
              "content": "Retrieving STRs...",
              "style": {
                "color": "#323D4C",
                "fontSize": 16,
                "fontFamily": "SF Pro",
                "fontWeight": "400",
                "lineHeight": 28,
                "marginBottom": 8
              }
            },
            {
              "type": "animation",
              "content": "circle-loading",
              "condition": "useMedicalRecord.isLoading"
            },
            {
              "type": "loadingImage",
              "content": "green-check",
              "condition": "useMedicalRecord.isSuccess"
            }
          ]
        },
        {
          "type": "group",
          "content": [
            {
              "type": "text",
              "content": "Retrieving Medical Records...",
              "style": {
                "color": "#323D4C",
                "fontSize": 16,
                "fontFamily": "SF Pro",
                "fontWeight": "400",
                "lineHeight": 28,
                "marginBottom": 8
              }
            },
            {
              "type": "animation",
              "content": "circle-loading",
              "condition": "useMedicalRecord.isLoading"
            },
            {
              "type": "loadingImage",
              "content": "green-check",
              "condition": "useMedicalRecord.isSuccess"
            }
          ]
        },
        {
          "type": "group",
          "content": [
            {
              "type": "text",
              "content": "Retrieving Previous Claims...",
              "style": {
                "color": "#323D4C",
                "fontSize": 16,
                "fontFamily": "SF Pro",
                "fontWeight": "400",
                "lineHeight": 28,
                "marginBottom": 8
              }
            },
            {
              "type": "animation",
              "content": "circle-loading",
              "condition": "useMedicalRecord.isLoading"
            },
            {
              "type": "loadingImage",
              "content": "green-check",
              "condition": "useMedicalRecord.isSuccess"
            }
          ]
        }
      ]
    }
  ],
  "next": "upload_dd214.json"
  
}

