{
  "chat_bubbles_id": 2,
  "options_id": 2,
  "chat_bubbles": [
    {
      "container": [
        {
          "type": "text",
          "content": "Please upload your DD214.",
          "style": {
            "color": "#323D4C",
            "fontSize": 16,
            "fontFamily": "SF Pro",
            "fontWeight": "bold",
            "lineHeight": 28,
            "wordWrap": "break-word",
            "marginBottom": 16
          }
        },
        {
          "type": "text",
          "content": "Before we begin, we just need one more document from you to evaluate the best approach for your application!",
          "style": {
            "color": "#323D4C",
            "fontSize": 16,
            "fontFamily": "SF Pro",
            "fontWeight": "400",
            "lineHeight": 28,
            "wordWrap": "break-word",
            "marginBottom": 16
          }
        },
        {
          "type": "link",
          "content": "I don't have it right now",
          "url": "https://example.com/more-info",
          "style": {
            "color": "#3182F6",
            "textDecorationLine": "underline",
            "marginBottom": 0
          }
        }
      ]
    }
  ],
  "options": [
    {
      "text": "Upload DD214",
      "next": "choose_your_claim"
    },
    {
      "text": "I do not have it",
      "next": "no_dd214"
    }
  ]
}
