{
  "chat_bubbles_id": 3,
  "options_id": 3,
  "chat_bubbles": [
    {
      "container": [
        {
          "type": "image",
          "content": "app_logo",
          "style": {
            "width": 24,
            "height": 24
          }
        }
      ]
    },
    {
      "container": [
        {
          "type": "text",
          "content": "You are all set! 👍",
          "style": {
            "color": "#323D4C",
            "fontSize": 16,
            "fontFamily": "SF Pro",
            "fontWeight": "bold",
            "lineHeight": 28,
            "wordWrap": "break-word",
            "marginBottom": 16
          }
        },
        {
          "type": "text",
          "content": "Your document looks great and we’re now good to go.",
          "style": {
            "color": "#323D4C",
            "fontSize": 16,
            "fontFamily": "SF Pro",
            "fontWeight": "400",
            "lineHeight": 28,
            "wordWrap": "break-word",
            "marginBottom": 16
          }
        }
      ]
    },
    {
      "container": [
        {
          "type": "text",
          "content": "Choose your claim",
          "style": {
            "color": "#323D4C",
            "fontSize": 16,
            "fontFamily": "SF Pro",
            "fontWeight": "bold",
            "lineHeight": 28,
            "wordWrap": "break-word",
            "marginBottom": 8
          }
        },
        {
          "type": "text",
          "content": "Are you looking for claim a new condition or existing condition?",
          "style": {
            "color": "#323D4C",
            "fontSize": 16,
            "fontFamily": "SF Pro",
            "fontWeight": "400",
            "lineHeight": 28,
            "wordWrap": "break-word",
            "marginBottom": 16
          }
        }
      ]
    }
  ],
  "options": [
    {
      "text": "New condition",
      "next": "new_condition"
    },
    {
      "text": "Existing condition",
      "next": "new_condition"
    },
    {
      "text": "Both",
      "next": "new_condition"
    }
  ]
}
