{
    "chat_bubbles_id": 14,
    "options_id": 14,
    "chat_bubbles": [
      {
        "container": [
          {
            "type": "image",
            "content": "app_logo",
            "style": {
              "width": 24,
              "height": 24
            }
          }
        ]
      },
      {
        "container": [
          {
            "type": "text",
            "content": "Thank you for giving Dex a try 😊",
            "style": {
              "color": "#323D4C",
              "fontSize": 16,
              "fontFamily": "SF Pro",
              "fontWeight": "bold",
              "lineHeight": 28,
              "wordWrap": "break-word",
              "marginBottom": 16
            }
          },
          {
            "type": "text",
            "content": "This is the end of the protoype of Vugle. Our goal is to ensure that no veteran is left behind by simplifying the benefits claim process.\nOur team expresses heartfelt gratitude for all veterans' service. More functionalities will be added in the future, so please stay tuned!",
            "style": {
              "color": "#323D4C",
              "fontSize": 16,
              "fontFamily": "SF Pro",
              "fontWeight": "400",
              "lineHeight": 28,
              "wordWrap": "break-word",
              "marginBottom": 16
            }
          },
          {
            "type": "link",
            "content": "View developer's LinkedIn",
            "url": "https://www.linkedin.com/in/yoon-lee-5492asd",
            "style": {
              "color": "#3182F6",
              "textDecorationLine": "underline",
              "marginBottom": 0
            }
          }
        ]
      }
    ],
    "options": [
      {
        "text": "Go back to main page",
        "next": "main_page"
      },
      {
        "text": "Learn about developer",
        "next": "developer_info"
      }

    ]
  }
  