{
    "chat_bubbles_id": 12,
    "options_id": 12,
    "chat_bubbles": [
      {
        "container": [
          {
            "type": "image",
            "content": "app_logo",
            "style": {
              "width": 24,
              "height": 24
            }
          }
        ]
      },
      {
        "container": [
          {
            "type": "text",
            "content": "Need to make doctor’s appointment?",
            "style": {
              "color": "#323D4C",
              "fontSize": 16,
              "fontFamily": "SF Pro",
              "fontWeight": "bold",
              "lineHeight": 28,
              "wordWrap": "break-word",
              "marginBottom": 16
            }
          },
          {
            "type": "text",
            "content": "No worries! Seems like there are several VA medical centers nearby your place. We can help you schedule a doctor’s appointment for you.",
            "style": {
              "color": "#323D4C",
              "fontSize": 16,
              "fontFamily": "SF Pro",
              "fontWeight": "400",
              "lineHeight": 28,
              "wordWrap": "break-word",
              "marginBottom": 16
            }
          }
        ]
      }
    ],
    "options": [
      {
        "text": "Yes, that'd be great",
        "next": "medical_centers_list"
      },
      {
        "text": "No, I can do it myself",
        "next": "medical_centers_list"
      }
    ]
  }
  