{
  "chat_bubbles_id": 0,
  "options_id": 0,
  "chat_bubbles": [
    {
      "container": [
        {
          "type": "image",
          "content": "app_logo",
          "style": {
            "width": 24,
            "height": 24
          }
        }
      ]
    },
    {
      "container": [
        {
          "type": "text",
          "content": "...",
          "style": {
            "color": "#323D4C",
            "fontSize": 16,
            "fontFamily": "SF Pro",
            "fontWeight": "bold",
            "lineHeight": 28,
            "wordWrap": "break-word",
            "marginBottom": 16
          }
        }
      ]
    }
  ],
  "options": []
}
